{
  "LoginPage":
      {
        "Checkbox_Privacy_Policy": "//label[@class='mat-checkbox-layout']//div[@class='mat-checkbox-inner-container']",
        "UserName_TextBox": "//input[@id='username']",
        "Password_TextBox": "//input[@id='password']",
        "Login_Button": "//button[@type='submit']",
        "Live_AllVehicle_Header": "//*[@class='breadcrumb bg-white']/li[contains(text(),'Live')]"
      },

  "LivePage":
      {
        "Live_AllVehicle_Header": "//*[@class='breadcrumb bg-white']/li[contains(text(),'Live')]",
        "All_Vehicle_Count": "//li[@class='nav-item text-center']/ul/li[@id='all']/span/h6[contains(text(),'9')]",
        "All_Vehicle_Group": "//mat-select[@id='mat-select-1']",
        "All_Vehicle_Dropdown": "//span[@class='dropdown-btn mi-dropdown-btn']",
        "Select_Santro_Vehicle": "//li[@class='multiselect-item-checkbox ng-star-inserted']/div[contains(text(),'1601126554102097')]",
        "Vehicle_Group_Dropdown": "//div[@class='mat-form-field-flex']",
        "Testing_Vehicle_Group": "//span[@class='mat-option-text'][contains(text(),'Testing')]",
        "Vehicle_Map_FullScreen":"//button[@class='gm-control-active gm-fullscreen-control']",
        "All_module": "//li[@routerlinkactive='active']",
        "Online_Vehicles_Header":"//ul[@class='list-inline-mb-0 w-100 p-0 vehicles-stats']/li[@id='online']",
        "Offline_Vehicles_Header": "//ul[@class='list-inline-mb-0 w-100 p-0 vehicles-stats']/li[@id='offline']",
        "Active_Vehicle_Header": "//ul[@class='list-inline-mb-0 w-100 p-0 vehicles-stats']/li[@id='active']",
        "InActive_Vehicle_Header": "//ul[@class='list-inline-mb-0 w-100 p-0 vehicles-stats']/li[@id='inactive']",
        "Online_Vehicle": "//div[@class='col-md-12 pt-2']/ul/li/div[@class='p-0 live-vehicle-circle vehicle-badge online-bg']",
        "TrackNow_Button": "btnStartTrack",
        "Last_Trip": "lastTrip",
        "Driving_Score": "drivingScore",
        "Vehicle_Health_Area": "vehicleHealth",
        "Device_Details": "deviceDetail"
      },

  "HistoryPage":
      {
        "History_Landing_Page":"history",
        "History_AllVehicle_Showing": "//ol[@class='breadcrumb bg-white']",
        "All_Vehicle_Group": "//div[@class='mat-form-field-wrapper']",
        "Testing_vehicle_Group": "//span[@class='mat-option-text'][contains(text(),'Testing')]",
        "All_Vehicle_Dropdown": "//span[@class='dropdown-btn mi-dropdown-btn']",
        "All_Vehicle_Dropdown_count": "//li[@class='multiselect-item-checkbox ng-star-inserted']",
        "Online_Vehicle": "//div[@class='p-0 live-vehicle-circle vehicle-badge online-bg']",
        "Offline_Vehicle": "//div[@class='p-0 live-vehicle-circle vehicle-badge offline-bg']",

      }







}